MätplatsID;Gällande Hastighet;Hastighet;Datum;Tid
14075010;40;55;2021-09-11;11:15:31
14075010;40;54;2021-09-11;08:09:17
14075010;40;53;2021-09-11;13:02:41
14075010;40;49;2021-09-11;13:02:55
14075010;40;47;2021-09-11;13:14:45
14075010;40;45;2021-09-11;07:57:27
14075010;40;45;2021-09-11;10:46:48
14075010;40;45;2021-09-11;14:48:29
14075010;40;45;2021-09-11;16:03:56
14075010;40;43;2021-09-11;10:33:37
14075010;40;43;2021-09-11;10:49:59
14075010;40;43;2021-09-11;11:34:31
14075010;40;43;2021-09-11;11:56:12
14075010;40;43;2021-09-11;12:27:11
14075010;40;43;2021-09-11;12:47:01
14075010;40;43;2021-09-11;14:16:08
14075010;40;43;2021-09-11;15:03:15
14075010;40;43;2021-09-11;15:54:11
14075010;40;41;2021-09-11;07:05:37
14075010;40;41;2021-09-11;11:31:50
14075010;40;41;2021-09-11;12:02:25
14075010;40;41;2021-09-11;12:09:13
14075010;40;41;2021-09-11;12:32:59
14075010;40;41;2021-09-11;12:56:35
14075010;40;41;2021-09-11;13:13:58
14075010;40;41;2021-09-11;13:16:27
14075010;40;41;2021-09-11;14:00:39
14075010;40;41;2021-09-11;14:45:48
14075010;40;41;2021-09-11;16:17:52
14075010;40;37;2021-09-11;09:51:31
14075010;40;37;2021-09-11;10:03:55
14075010;40;37;2021-09-11;10:04:58
14075010;40;37;2021-09-11;10:15:13
14075010;40;37;2021-09-11;10:43:42
14075010;40;37;2021-09-11;11:30:13
14075010;40;37;2021-09-11;11:51:09
14075010;40;37;2021-09-11;12:00:44
14075010;40;37;2021-09-11;12:01:40
14075010;40;37;2021-09-11;12:02:48
14075010;40;37;2021-09-11;12:06:50
14075010;40;37;2021-09-11;12:13:08
14075010;40;37;2021-09-11;12:14:47
14075010;40;37;2021-09-11;12:18:22
14075010;40;37;2021-09-11;12:18:51
14075010;40;37;2021-09-11;12:29:20
14075010;40;37;2021-09-11;12:58:45
14075010;40;37;2021-09-11;13:14:03
14075010;40;37;2021-09-11;13:22:50
14075010;40;37;2021-09-11;13:27:57
14075010;40;37;2021-09-11;13:30:53
14075010;40;37;2021-09-11;13:35:31
14075010;40;37;2021-09-11;13:53:47
14075010;40;37;2021-09-11;13:54:56
14075010;40;37;2021-09-11;13:55:01
14075010;40;37;2021-09-11;13:57:07
14075010;40;37;2021-09-11;14:16:12
14075010;40;37;2021-09-11;14:38:20
14075010;40;37;2021-09-11;14:44:03
14075010;40;37;2021-09-11;14:55:56
14075010;40;37;2021-09-11;15:06:04
14075010;40;37;2021-09-11;15:13:44
14075010;40;37;2021-09-11;15:13:52
14075010;40;37;2021-09-11;15:14:54
14075010;40;37;2021-09-11;15:17:03
14075010;40;37;2021-09-11;15:39:24
14075010;40;37;2021-09-11;16:04:16
14075010;40;37;2021-09-11;17:16:15
14075010;40;37;2021-09-11;17:47:43
14075010;40;37;2021-09-11;17:49:40
14030030;50;94;2021-09-11;14:05:30
14030010;50;76;2021-09-11;14:09:22
14030020;50;73;2021-09-11;16:21:06
14002050;50;71;2021-09-11;09:09:12
14002060;50;71;2021-09-11;16:28:04
14002060;50;70;2021-09-11;16:34:02
14033010;50;70;2021-09-11;16:48:17
14027050;50;67;2021-09-11;17:45:44
14030020;50;67;2021-09-11;10:47:48
14030030;50;67;2021-09-11;11:15:35
14085010;50;67;2021-09-11;08:13:16
14030030;50;65;2021-09-11;12:36:06
14033020;50;65;2021-09-11;15:23:24
14085010;50;65;2021-09-11;10:28:54
14030010;50;63;2021-09-11;13:00:26
14098010;50;63;2021-09-11;08:55:56
14098010;50;63;2021-09-11;16:58:15
14098020;50;63;2021-09-11;14:43:26
14030020;50;61;2021-09-11;07:33:16
14030020;50;61;2021-09-11;13:47:35
14030030;50;61;2021-09-11;14:33:15
14085010;50;61;2021-09-11;15:39:42
14085010;50;61;2021-09-11;16:35:37
14098010;50;61;2021-09-11;11:22:54
14002050;50;57;2021-09-11;07:25:32
14027050;50;57;2021-09-11;09:47:39
14030020;50;57;2021-09-11;14:04:23
14030020;50;57;2021-09-11;14:52:43
14030030;50;57;2021-09-11;12:45:33
14033020;50;57;2021-09-11;14:15:57
14085010;50;57;2021-09-11;07:44:59
14085010;50;57;2021-09-11;10:59:30
14085010;50;57;2021-09-11;13:24:19
14098010;50;57;2021-09-11;10:58:13
14098010;50;57;2021-09-11;10:58:18
14098010;50;57;2021-09-11;13:18:55
14098020;50;57;2021-09-11;14:52:17
14002050;50;48;2021-09-11;07:01:20
14002050;50;48;2021-09-11;11:27:06
14002050;50;48;2021-09-11;12:26:13
14002050;50;48;2021-09-11;12:43:31
14002050;50;48;2021-09-11;16:57:35
14002050;50;48;2021-09-11;17:56:01
14002060;50;48;2021-09-11;13:19:09
14002060;50;48;2021-09-11;16:26:50
14027050;50;48;2021-09-11;12:59:54
14027050;50;48;2021-09-11;14:27:30
14027050;50;48;2021-09-11;15:27:15
14027050;50;48;2021-09-11;16:57:08
14030010;50;48;2021-09-11;08:19:38
14030010;50;48;2021-09-11;08:59:39
14030010;50;48;2021-09-11;09:11:27
14030010;50;48;2021-09-11;09:26:13
14030010;50;48;2021-09-11;10:59:12
14030010;50;48;2021-09-11;11:01:33
14030010;50;48;2021-09-11;11:43:18
14030020;50;48;2021-09-11;07:56:21
14030020;50;48;2021-09-11;11:59:42
14030020;50;48;2021-09-11;12:01:26
14030020;50;48;2021-09-11;13:01:50
14030020;50;48;2021-09-11;14:19:18
14030020;50;48;2021-09-11;14:56:28
14030020;50;48;2021-09-11;15:19:04
14030020;50;48;2021-09-11;17:59:16
14030030;50;48;2021-09-11;07:20:28
14030030;50;48;2021-09-11;10:20:38
14030030;50;48;2021-09-11;11:20:28
14030030;50;48;2021-09-11;11:20:29
14030030;50;48;2021-09-11;11:43:41
14030030;50;48;2021-09-11;12:26:37
14030030;50;48;2021-09-11;14:11:41
14030030;50;48;2021-09-11;14:57:30
14030030;50;48;2021-09-11;14:59:40
14030030;50;48;2021-09-11;17:01:02
14033010;50;48;2021-09-11;07:20:13
14033010;50;48;2021-09-11;10:19:33
14033010;50;48;2021-09-11;11:27:32
14033010;50;48;2021-09-11;11:59:35
14033010;50;48;2021-09-11;16:01:35
14033010;50;48;2021-09-11;16:56:42
14033010;50;48;2021-09-11;16:57:06
14033010;50;48;2021-09-11;17:43:18
14033020;50;48;2021-09-11;08:19:30
14033020;50;48;2021-09-11;14:26:28
14033020;50;48;2021-09-11;15:11:36
14085010;50;48;2021-09-11;08:20:02
14085010;50;48;2021-09-11;08:43:33
14085010;50;48;2021-09-11;10:26:39
14085010;50;48;2021-09-11;12:43:36
14085010;50;48;2021-09-11;12:56:23
14085010;50;48;2021-09-11;14:11:00
14085010;50;48;2021-09-11;17:56:38
14098010;50;48;2021-09-11;10:11:18
14098010;50;48;2021-09-11;11:57:55
14098010;50;48;2021-09-11;14:27:47
14098020;50;48;2021-09-11;15:57:57
14048010;60;163;2021-09-11;15:05:15
14059040;60;110;2021-09-11;17:03:39
14048020;60;103;2021-09-11;13:46:03
14095010;60;103;2021-09-11;09:37:47
14059040;60;96;2021-09-11;07:23:52
14059040;60;95;2021-09-11;13:35:58
14048010;60;94;2021-09-11;17:40:26
14059040;60;93;2021-09-11;10:27:54
14092040;60;91;2021-09-11;14:21:37
14067010;60;90;2021-09-11;08:37:02
14095010;60;90;2021-09-11;13:17:59
14095020;60;90;2021-09-11;09:42:22
14049030;60;88;2021-09-11;10:07:47
14019110;60;87;2021-09-11;14:18:33
14048020;60;87;2021-09-11;13:47:45
14048020;60;86;2021-09-11;13:50:11
14049030;60;86;2021-09-11;13:34:03
14067010;60;86;2021-09-11;10:16:43
14015080;60;85;2021-09-11;13:15:37
14019110;60;85;2021-09-11;07:11:37
14019110;60;85;2021-09-11;15:52:17
14092040;60;85;2021-09-11;11:51:03
14092040;60;85;2021-09-11;13:12:39
14048010;60;84;2021-09-11;14:23:10
14092030;60;84;2021-09-11;10:45:43
14006010;60;83;2021-09-11;07:40:16
14019110;60;83;2021-09-11;13:11:55
14019110;60;83;2021-09-11;17:06:17
14019110;60;83;2021-09-11;17:13:52
14048020;60;83;2021-09-11;09:33:02
14049040;60;83;2021-09-11;17:22:30
14015070;60;82;2021-09-11;15:22:07
14049030;60;82;2021-09-11;11:50:40
14069050;60;82;2021-09-11;12:10:44
14092040;60;82;2021-09-11;07:36:43
14067010;60;81;2021-09-11;07:55:11
14019110;60;80;2021-09-11;14:01:14
14019110;60;80;2021-09-11;16:43:17
14049010;60;80;2021-09-11;10:03:23
14071020;60;80;2021-09-11;09:57:30
14019110;60;78;2021-09-11;16:34:17
14016060;60;76;2021-09-11;17:12:29
14006010;60;75;2021-09-11;11:34:07
14049020;60;70;2021-09-11;13:01:43
14019110;60;69;2021-09-11;10:01:23
14019110;60;69;2021-09-11;14:01:26
14006020;60;68;2021-09-11;16:34:17
14067010;60;68;2021-09-11;09:12:23
14059040;60;67;2021-09-11;14:12:09
14067010;60;67;2021-09-11;16:12:53
14067020;60;67;2021-09-11;16:01:23
14059040;60;66;2021-09-11;12:12:21
14059040;60;66;2021-09-11;14:12:29
14067010;60;66;2021-09-11;12:34:30
14071010;60;66;2021-09-11;14:34:36
14092040;60;66;2021-09-11;17:01:42
14015070;60;65;2021-09-11;15:34:41
14048020;60;65;2021-09-11;13:01:37
14049040;60;65;2021-09-11;11:34:28
14067020;60;65;2021-09-11;15:34:19
14069050;60;65;2021-09-11;12:34:35
14092040;60;65;2021-09-11;11:34:59
14016060;60;64;2021-09-11;17:12:56
14059040;60;64;2021-09-11;11:01:39
14067010;60;64;2021-09-11;14:01:36
14067020;60;64;2021-09-11;14:34:39
14006010;60;63;2021-09-11;17:12:42
14019110;60;63;2021-09-11;12:01:24
14019110;60;63;2021-09-11;15:34:26
14048020;60;63;2021-09-11;13:01:10
14048020;60;63;2021-09-11;13:01:11
14059040;60;63;2021-09-11;17:34:51
14067010;60;63;2021-09-11;15:12:16
14019110;60;62;2021-09-11;14:12:15
14092030;60;62;2021-09-11;12:34:40
14095010;60;62;2021-09-11;12:01:01
14006020;60;61;2021-09-11;15:01:40
14016060;60;61;2021-09-11;15:12:50
14019110;60;61;2021-09-11;13:01:02
14019110;60;61;2021-09-11;15:34:41
14048010;60;61;2021-09-11;12:01:22
14067010;60;61;2021-09-11;10:34:10
14067010;60;61;2021-09-11;12:01:59
14067010;60;61;2021-09-11;16:12:49
14067020;60;61;2021-09-11;12:01:41
14067020;60;61;2021-09-11;14:12:30
14069060;60;61;2021-09-11;16:12:29
14092030;60;61;2021-09-11;12:34:40
14006010;60;58;2021-09-11;12:01:15
14006010;60;58;2021-09-11;13:08:57
14006010;60;58;2021-09-11;13:09:42
14015070;60;58;2021-09-11;14:08:28
14015070;60;58;2021-09-11;14:15:40
14015070;60;58;2021-09-11;15:39:14
14015080;60;58;2021-09-11;11:08:01
14015080;60;58;2021-09-11;16:14:08
14016060;60;58;2021-09-11;07:01:14
14016060;60;58;2021-09-11;09:09:14
14016060;60;58;2021-09-11;09:09:27
14016060;60;58;2021-09-11;09:39:26
14016060;60;58;2021-09-11;10:15:54
14016060;60;58;2021-09-11;12:01:18
14016060;60;58;2021-09-11;14:09:22
14016060;60;58;2021-09-11;16:08:07
14019110;60;58;2021-09-11;08:05:22
14019110;60;58;2021-09-11;10:01:50
14019110;60;58;2021-09-11;10:08:45
14019110;60;58;2021-09-11;10:09:41
14019110;60;58;2021-09-11;13:38:37
14019110;60;58;2021-09-11;14:14:42
14019110;60;58;2021-09-11;15:05:29
14019110;60;58;2021-09-11;16:09:39
14019110;60;58;2021-09-11;16:39:08
14019110;60;58;2021-09-11;17:05:12
14019110;60;58;2021-09-11;17:39:48
14036010;60;58;2021-09-11;12:09:38
14036020;60;58;2021-09-11;11:08:34
14036020;60;58;2021-09-11;13:01:47
14036020;60;58;2021-09-11;16:14:36
14044010;60;58;2021-09-11;11:39:35
14044010;60;58;2021-09-11;13:15:00
14044010;60;58;2021-09-11;15:38:31
14044010;60;58;2021-09-11;16:09:50
14044020;60;58;2021-09-11;17:05:48
14048010;60;58;2021-09-11;10:05:25
14048010;60;58;2021-09-11;12:39:00
14048010;60;58;2021-09-11;13:38:00
14048010;60;58;2021-09-11;15:39:00
14048020;60;58;2021-09-11;10:08:41
14048020;60;58;2021-09-11;10:39:13
14048020;60;58;2021-09-11;12:09:06
14048020;60;58;2021-09-11;12:39:11
14048020;60;58;2021-09-11;15:39:13
14048020;60;58;2021-09-11;16:09:17
14048020;60;58;2021-09-11;16:09:18
14048020;60;58;2021-09-11;16:14:15
14048020;60;58;2021-09-11;16:15:37
14048020;60;58;2021-09-11;17:08:26
14049010;60;58;2021-09-11;12:08:01
14049020;60;58;2021-09-11;11:14:58
14049030;60;58;2021-09-11;13:14:09
14049030;60;58;2021-09-11;13:39:42
14049040;60;58;2021-09-11;14:38:28
14049040;60;58;2021-09-11;15:01:26
14059040;60;58;2021-09-11;09:01:31
14059040;60;58;2021-09-11;10:05:41
14059040;60;58;2021-09-11;10:39:04
14059040;60;58;2021-09-11;11:08:32
14059040;60;58;2021-09-11;13:01:47
14059040;60;58;2021-09-11;14:09:03
14059040;60;58;2021-09-11;15:15:00
14059040;60;58;2021-09-11;15:38:01
14059040;60;58;2021-09-11;15:39:58
14059040;60;58;2021-09-11;16:15:17
14059040;60;58;2021-09-11;17:08:27
14059040;60;58;2021-09-11;17:09:28
14059040;60;58;2021-09-11;17:38:57
14061010;60;58;2021-09-11;09:08:24
14067010;60;58;2021-09-11;09:15:10
14067010;60;58;2021-09-11;09:38:35
14067010;60;58;2021-09-11;11:05:28
14067010;60;58;2021-09-11;11:38:10
14067010;60;58;2021-09-11;12:14:16
14067010;60;58;2021-09-11;13:05:08
14067010;60;58;2021-09-11;16:14:31
14067020;60;58;2021-09-11;08:01:19
14067020;60;58;2021-09-11;08:05:17
14067020;60;58;2021-09-11;09:01:05
14067020;60;58;2021-09-11;10:01:33
14067020;60;58;2021-09-11;10:01:42
14067020;60;58;2021-09-11;10:09:37
14067020;60;58;2021-09-11;10:15:10
14067020;60;58;2021-09-11;11:08:24
14067020;60;58;2021-09-11;11:14:42
14067020;60;58;2021-09-11;12:05:10
14067020;60;58;2021-09-11;13:08:22
14067020;60;58;2021-09-11;14:38:43
14067020;60;58;2021-09-11;15:14:42
14067020;60;58;2021-09-11;16:01:25
14067020;60;58;2021-09-11;16:14:47
14067020;60;58;2021-09-11;17:14:17
14067020;60;58;2021-09-11;17:38:05
14069050;60;58;2021-09-11;08:08:22
14069050;60;58;2021-09-11;11:08:23
14069050;60;58;2021-09-11;11:15:19
14069060;60;58;2021-09-11;10:15:31
14069060;60;58;2021-09-11;14:14:41
14071010;60;58;2021-09-11;11:38:40
14071020;60;58;2021-09-11;11:05:48
14074010;60;58;2021-09-11;09:38:47
14074010;60;58;2021-09-11;11:05:17
14092030;60;58;2021-09-11;12:01:49
14092030;60;58;2021-09-11;13:14:16
14092030;60;58;2021-09-11;14:14:42
14092030;60;58;2021-09-11;16:38:15
14092040;60;58;2021-09-11;10:01:56
14092040;60;58;2021-09-11;11:15:52
14092040;60;58;2021-09-11;13:05:57
14092040;60;58;2021-09-11;13:15:19
14092040;60;58;2021-09-11;15:38:20
14095010;60;58;2021-09-11;14:14:50
14095010;60;58;2021-09-11;17:39:39
14095020;60;58;2021-09-11;13:01:01
14095020;60;58;2021-09-11;13:05:39
14052010;70;173;2021-09-11;17:54:43
14052040;70;170;2021-09-11;17:52:57
14090060;70;159;2021-09-11;12:32:28
14052030;70;157;2021-09-11;15:24:40
14052010;70;150;2021-09-11;17:43:19
14090050;70;145;2021-09-11;13:19:09
14066040;70;140;2021-09-11;17:12:20
14093020;70;140;2021-09-11;17:09:19
14093040;70;138;2021-09-11;17:27:51
14039010;70;135;2021-09-11;07:45:29
14052020;70;132;2021-09-11;15:22:28
14017050;70;124;2021-09-11;12:01:54
14065020;70;121;2021-09-11;12:44:42
14014030;70;115;2021-09-11;15:14:47
14052030;70;115;2021-09-11;16:49:39
14066020;70;115;2021-09-11;17:14:14
14094020;70;115;2021-09-11;14:59:49
14007050;70;112;2021-09-11;11:51:23
14035040;70;112;2021-09-11;13:45:34
14052030;70;112;2021-09-11;15:34:04
14093020;70;112;2021-09-11;08:37:16
14093020;70;112;2021-09-11;14:44:12
14066020;70;109;2021-09-11;17:14:09
14066020;70;109;2021-09-11;17:14:14
14066020;70;109;2021-09-11;17:14:18
14066040;70;109;2021-09-11;17:12:38
14094010;70;109;2021-09-11;16:27:58
14032020;70;106;2021-09-11;17:13:37
14035040;70;106;2021-09-11;09:14:03
14037020;70;106;2021-09-11;15:27:41
14066020;70;106;2021-09-11;17:14:09
14084050;70;106;2021-09-11;11:15:29
14093020;70;106;2021-09-11;13:00:18
14093030;70;106;2021-09-11;07:46:28
14093040;70;106;2021-09-11;08:28:41
14002120;70;103;2021-09-11;16:22:34
14052020;70;103;2021-09-11;07:47:55
14052030;70;103;2021-09-11;17:55:39
14066040;70;103;2021-09-11;17:12:41
14093030;70;103;2021-09-11;13:44:13
14035040;70;100;2021-09-11;17:10:29
14066020;70;100;2021-09-11;17:14:21
14080020;70;100;2021-09-11;11:05:56
14080040;70;100;2021-09-11;11:11:34
14093010;70;100;2021-09-11;08:34:32
14093010;70;100;2021-09-11;10:18:33
14093040;70;100;2021-09-11;14:01:33
14093040;70;100;2021-09-11;16:34:20
14094010;70;100;2021-09-11;08:05:12
14094010;70;100;2021-09-11;09:00:34
14094020;70;100;2021-09-11;08:58:21
14094020;70;100;2021-09-11;09:30:21
14066040;70;97;2021-09-11;17:12:36
14093020;70;95;2021-09-11;10:47:02
14093030;70;95;2021-09-11;10:12:48
14093030;70;93;2021-09-11;17:33:09
14094010;70;93;2021-09-11;08:47:06
14093020;70;91;2021-09-11;14:33:31
14093040;70;91;2021-09-11;07:47:52
14007050;70;89;2021-09-11;11:22:59
14084080;70;89;2021-09-11;09:25:08
14094010;70;89;2021-09-11;14:22:23
14007005;70;87;2021-09-11;16:33:02
14009010;70;87;2021-09-11;08:37:55
14093020;70;87;2021-09-11;16:47:03
14093030;70;87;2021-09-11;11:37:52
14094010;70;87;2021-09-11;15:22:52
14094020;70;87;2021-09-11;07:25:13
14037010;70;85;2021-09-11;17:22:27
14066040;70;85;2021-09-11;17:12:27
14093010;70;85;2021-09-11;17:37:05
14093020;70;85;2021-09-11;14:33:53
14093020;70;85;2021-09-11;17:22:23
14093020;70;85;2021-09-11;17:25:01
14093020;70;85;2021-09-11;17:25:50
14093030;70;85;2021-09-11;14:12:50
14093030;70;85;2021-09-11;17:33:28
14031040;70;83;2021-09-11;14:33:54
14031050;70;83;2021-09-11;12:33:28
14079010;70;83;2021-09-11;16:37:02
14090050;70;83;2021-09-11;13:12:30
14093020;70;83;2021-09-11;14:25:24
14093020;70;83;2021-09-11;16:12:51
14093030;70;83;2021-09-11;14:37:53
14093030;70;83;2021-09-11;15:47:51
14094020;70;83;2021-09-11;13:47:41
14014030;70;81;2021-09-11;16:33:37
14052020;70;81;2021-09-11;16:47:48
14066040;70;81;2021-09-11;17:12:23
14077010;70;81;2021-09-11;08:33:58
14078030;70;81;2021-09-11;12:25:34
14093010;70;81;2021-09-11;10:33:11
14093010;70;81;2021-09-11;16:25:44
14093010;70;81;2021-09-11;17:22:12
14093020;70;81;2021-09-11;08:25:26
14093020;70;81;2021-09-11;15:22:19
14093020;70;81;2021-09-11;15:37:01
14093030;70;81;2021-09-11;11:12:35
14093030;70;81;2021-09-11;16:22:14
14093040;70;81;2021-09-11;15:47:37
14094010;70;81;2021-09-11;13:47:43
14094010;70;81;2021-09-11;16:25:04
14094020;70;81;2021-09-11;10:37:46
14094020;70;81;2021-09-11;14:22:03
14094020;70;81;2021-09-11;14:37:56
14007050;70;79;2021-09-11;07:47:25
14007060;70;79;2021-09-11;12:37:38
14009020;70;79;2021-09-11;10:25:03
14009020;70;79;2021-09-11;11:25:29
14009020;70;79;2021-09-11;13:22:05
14031010;70;79;2021-09-11;09:33:29
14031020;70;79;2021-09-11;15:22:15
14069010;70;79;2021-09-11;12:37:37
14072010;70;79;2021-09-11;07:33:22
14084060;70;79;2021-09-11;11:12:59
14093010;70;79;2021-09-11;17:33:04
14093020;70;79;2021-09-11;12:37:57
14093020;70;79;2021-09-11;15:22:30
14093020;70;79;2021-09-11;17:12:52
14093030;70;79;2021-09-11;09:33:45
14093030;70;79;2021-09-11;14:22:01
14093030;70;79;2021-09-11;16:33:39
14093040;70;79;2021-09-11;08:47:12
14093040;70;79;2021-09-11;13:47:05
14093040;70;79;2021-09-11;17:12:37
14093040;70;79;2021-09-11;17:37:05
14094010;70;79;2021-09-11;08:47:12
14094010;70;79;2021-09-11;17:22:15
14094020;70;79;2021-09-11;10:33:05
14094020;70;79;2021-09-11;14:37:40
14094020;70;79;2021-09-11;15:37:43
14094020;70;79;2021-09-11;16:12:34
14094020;70;79;2021-09-11;17:47:47
14002120;70;77;2021-09-11;17:37:43
14007010;70;77;2021-09-11;17:22:41
14007011;70;77;2021-09-11;08:37:26
14007050;70;77;2021-09-11;07:47:25
14007050;70;77;2021-09-11;11:33:41
14007060;70;77;2021-09-11;12:37:36
14009010;70;77;2021-09-11;12:22:07
14009020;70;77;2021-09-11;10:12:38
14009020;70;77;2021-09-11;10:12:39
14009020;70;77;2021-09-11;17:33:02
14014010;70;77;2021-09-11;11:22:06
14032010;70;77;2021-09-11;16:12:07
14032010;70;77;2021-09-11;17:37:30
14069010;70;77;2021-09-11;12:37:40
14072010;70;77;2021-09-11;17:12:57
14080040;70;77;2021-09-11;08:22:11
14093010;70;77;2021-09-11;07:22:37
14093010;70;77;2021-09-11;10:25:20
14093010;70;77;2021-09-11;11:47:10
14093010;70;77;2021-09-11;16:33:46
14093020;70;77;2021-09-11;07:37:16
14093020;70;77;2021-09-11;10:22:25
14093020;70;77;2021-09-11;14:25:58
14093020;70;77;2021-09-11;14:33:09
14093020;70;77;2021-09-11;15:47:39
14093020;70;77;2021-09-11;15:47:48
14093020;70;77;2021-09-11;16:12:24
14093020;70;77;2021-09-11;16:33:40
14093020;70;77;2021-09-11;16:37:10
14093030;70;77;2021-09-11;13:12:13
14093030;70;77;2021-09-11;15:12:07
14093030;70;77;2021-09-11;16:25:27
14093030;70;77;2021-09-11;17:12:59
14093030;70;77;2021-09-11;17:37:29
14093030;70;77;2021-09-11;17:47:00
14093040;70;77;2021-09-11;07:33:29
14093040;70;77;2021-09-11;10:25:36
14093040;70;77;2021-09-11;12:22:52
14093040;70;77;2021-09-11;12:33:02
14093040;70;77;2021-09-11;12:33:54
14093040;70;77;2021-09-11;12:37:30
14093040;70;77;2021-09-11;15:22:53
14093040;70;77;2021-09-11;16:33:25
14093040;70;77;2021-09-11;17:12:11
14093040;70;77;2021-09-11;17:47:47
14094010;70;77;2021-09-11;08:37:10
14094010;70;77;2021-09-11;09:12:35
14094010;70;77;2021-09-11;09:37:35
14094010;70;77;2021-09-11;11:25:12
14094010;70;77;2021-09-11;11:33:04
14094010;70;77;2021-09-11;12:37:40
14094010;70;77;2021-09-11;13:22:04
14094010;70;77;2021-09-11;14:47:37
14094010;70;77;2021-09-11;15:25:12
14094010;70;77;2021-09-11;16:37:15
14094010;70;77;2021-09-11;16:37:47
14007011;70;75;2021-09-11;09:47:15
14007060;70;75;2021-09-11;16:25:53
14009010;70;75;2021-09-11;11:33:25
14009010;70;75;2021-09-11;12:33:16
14009010;70;75;2021-09-11;12:37:55
14009020;70;75;2021-09-11;16:47:39
14009020;70;75;2021-09-11;17:33:54
14014020;70;75;2021-09-11;17:33:30
14014040;70;75;2021-09-11;16:12:26
14017060;70;75;2021-09-11;08:47:10
14027020;70;75;2021-09-11;07:25:03
14029020;70;75;2021-09-11;15:22:13
14029030;70;75;2021-09-11;12:22:48
14031040;70;75;2021-09-11;13:37:25
14031040;70;75;2021-09-11;15:22:39
14063010;70;75;2021-09-11;11:37:45
14066040;70;75;2021-09-11;17:12:28
14081030;70;75;2021-09-11;09:37:32
14093010;70;75;2021-09-11;12:47:46
14093010;70;75;2021-09-11;13:22:41
14093020;70;75;2021-09-11;10:25:46
14093020;70;75;2021-09-11;12:37:53
14093020;70;75;2021-09-11;13:22:10
14093020;70;75;2021-09-11;14:12:51
14093020;70;75;2021-09-11;17:37:55
14093030;70;75;2021-09-11;07:33:47
14093030;70;75;2021-09-11;09:25:18
14093030;70;75;2021-09-11;09:25:27
14093030;70;75;2021-09-11;12:22:11
14093030;70;75;2021-09-11;14:12:30
14093030;70;75;2021-09-11;16:47:49
14093040;70;75;2021-09-11;07:25:56
14093040;70;75;2021-09-11;09:33:28
14093040;70;75;2021-09-11;11:12:21
14093040;70;75;2021-09-11;11:25:11
14093040;70;75;2021-09-11;13:12:45
14093040;70;75;2021-09-11;16:22:54
14093040;70;75;2021-09-11;17:22:34
14094010;70;75;2021-09-11;09:12:32
14094010;70;75;2021-09-11;13:47:34
14094010;70;75;2021-09-11;14:33:14
14094010;70;75;2021-09-11;14:37:57
14094010;70;75;2021-09-11;16:25:54
14094010;70;75;2021-09-11;17:47:54
14094020;70;75;2021-09-11;12:47:16
14094020;70;75;2021-09-11;13:33:03
14094020;70;75;2021-09-11;15:12:07
14094020;70;75;2021-09-11;15:25:36
14005010;70;73;2021-09-11;10:25:19
14005020;70;73;2021-09-11;13:37:35
14005040;70;73;2021-09-11;11:37:49
14005070;70;73;2021-09-11;11:12:00
14005070;70;73;2021-09-11;13:33:50
14005070;70;73;2021-09-11;17:25:28
14007005;70;73;2021-09-11;15:37:05
14007010;70;73;2021-09-11;08:25:40
14007010;70;73;2021-09-11;10:12:09
14007010;70;73;2021-09-11;11:22:08
14007010;70;73;2021-09-11;15:22:46
14007010;70;73;2021-09-11;16:25:28
14007011;70;73;2021-09-11;08:37:27
14007050;70;73;2021-09-11;07:47:24
14007060;70;73;2021-09-11;09:22:01
14007060;70;73;2021-09-11;09:22:11
14007060;70;73;2021-09-11;10:12:00
14007060;70;73;2021-09-11;10:22:46
14007060;70;73;2021-09-11;11:37:28
14007060;70;73;2021-09-11;14:25:16
14007060;70;73;2021-09-11;15:37:56
14009010;70;73;2021-09-11;09:25:58
14009010;70;73;2021-09-11;09:33:03
14009010;70;73;2021-09-11;12:33:13
14009010;70;73;2021-09-11;12:33:13
14009010;70;73;2021-09-11;12:33:14
14009010;70;73;2021-09-11;16:47:58
14009010;70;73;2021-09-11;17:22:20
14009020;70;73;2021-09-11;13:47:11
14014010;70;73;2021-09-11;11:47:31
14017050;70;73;2021-09-11;17:12:51
14017060;70;73;2021-09-11;11:22:43
14021040;70;73;2021-09-11;15:47:52
14029030;70;73;2021-09-11;08:12:46
14029030;70;73;2021-09-11;10:47:52
14031040;70;73;2021-09-11;09:37:38
14031050;70;73;2021-09-11;11:22:54
14031060;70;73;2021-09-11;08:22:44
14032010;70;73;2021-09-11;16:47:32
14035040;70;73;2021-09-11;12:12:06
14035040;70;73;2021-09-11;12:25:05
14066020;70;73;2021-09-11;16:12:32
14076010;70;73;2021-09-11;17:33:43
14077030;70;73;2021-09-11;12:37:06
14079010;70;73;2021-09-11;14:12:13
14079010;70;73;2021-09-11;17:25:34
14080020;70;73;2021-09-11;12:12:31
14080040;70;73;2021-09-11;10:25:55
14080040;70;73;2021-09-11;17:33:36
14084050;70;73;2021-09-11;09:25:50
14084050;70;73;2021-09-11;12:37:42
14084060;70;73;2021-09-11;13:37:28
14084060;70;73;2021-09-11;14:47:07
14084060;70;73;2021-09-11;15:12:12
14084060;70;73;2021-09-11;16:22:47
14093010;70;73;2021-09-11;09:22:39
14093010;70;73;2021-09-11;10:22:08
14093010;70;73;2021-09-11;10:25:02
14093010;70;73;2021-09-11;10:33:36
14093010;70;73;2021-09-11;11:33:09
14093010;70;73;2021-09-11;12:25:42
14093010;70;73;2021-09-11;13:22:57
14093010;70;73;2021-09-11;13:37:21
14093010;70;73;2021-09-11;13:37:39
14093010;70;73;2021-09-11;15:22:36
14093010;70;73;2021-09-11;15:37:44
14093010;70;73;2021-09-11;15:47:21
14093010;70;73;2021-09-11;16:12:57
14093010;70;73;2021-09-11;16:22:29
14093010;70;73;2021-09-11;16:25:23
14093010;70;73;2021-09-11;16:47:51
14093010;70;73;2021-09-11;17:47:31
14093020;70;73;2021-09-11;08:25:51
14093020;70;73;2021-09-11;10:12:26
14093020;70;73;2021-09-11;10:12:33
14093020;70;73;2021-09-11;11:12:07
14093020;70;73;2021-09-11;11:22:49
14093020;70;73;2021-09-11;12:47:56
14093020;70;73;2021-09-11;13:37:41
14093020;70;73;2021-09-11;14:33:23
14093020;70;73;2021-09-11;14:37:07
14093020;70;73;2021-09-11;14:47:54
14093020;70;73;2021-09-11;15:12:16
14093020;70;73;2021-09-11;15:33:37
14093020;70;73;2021-09-11;17:33:26
14093020;70;73;2021-09-11;17:33:54
14093020;70;73;2021-09-11;17:47:03
14093030;70;73;2021-09-11;10:33:55
14093030;70;73;2021-09-11;11:12:40
14093030;70;73;2021-09-11;11:33:55
14093030;70;73;2021-09-11;12:37:32
14093030;70;73;2021-09-11;12:37:51
14093030;70;73;2021-09-11;12:47:47
14093030;70;73;2021-09-11;13:12:59
14093030;70;73;2021-09-11;14:22:34
14093030;70;73;2021-09-11;16:12:27
14093030;70;73;2021-09-11;16:22:09
14093030;70;73;2021-09-11;16:33:44
14093030;70;73;2021-09-11;17:12:12
14093030;70;73;2021-09-11;17:25:28
14093030;70;73;2021-09-11;17:33:34
14093030;70;73;2021-09-11;17:47:07
14093040;70;73;2021-09-11;07:25:43
14093040;70;73;2021-09-11;08:12:41
14093040;70;73;2021-09-11;09:25:08
14093040;70;73;2021-09-11;10:37:00
14093040;70;73;2021-09-11;11:22:11
14093040;70;73;2021-09-11;12:12:28
14093040;70;73;2021-09-11;13:12:47
14093040;70;73;2021-09-11;14:12:07
14093040;70;73;2021-09-11;14:12:09
14093040;70;73;2021-09-11;14:12:28
14093040;70;73;2021-09-11;14:47:42
14093040;70;73;2021-09-11;16:12:29
14093040;70;73;2021-09-11;16:22:33
14093040;70;73;2021-09-11;16:33:24
14093040;70;73;2021-09-11;16:37:45
14093040;70;73;2021-09-11;17:12:08
14093040;70;73;2021-09-11;17:12:35
14093040;70;73;2021-09-11;17:25:02
14093040;70;73;2021-09-11;17:37:52
14093040;70;73;2021-09-11;17:37:56
14093040;70;73;2021-09-11;17:47:34
14093040;70;73;2021-09-11;17:47:49
14094010;70;73;2021-09-11;07:37:56
14094010;70;73;2021-09-11;10:25:04
14094010;70;73;2021-09-11;11:47:44
14094010;70;73;2021-09-11;12:37:06
14094010;70;73;2021-09-11;13:22:52
14094010;70;73;2021-09-11;14:25:15
14094010;70;73;2021-09-11;14:37:56
14094010;70;73;2021-09-11;15:22:14
14094010;70;73;2021-09-11;16:47:00
14094010;70;73;2021-09-11;17:25:05
14094010;70;73;2021-09-11;17:33:59
14094020;70;73;2021-09-11;08:12:46
14094020;70;73;2021-09-11;08:25:05
14094020;70;73;2021-09-11;09:25:42
14094020;70;73;2021-09-11;09:47:28
14094020;70;73;2021-09-11;10:12:33
14094020;70;73;2021-09-11;10:22:52
14094020;70;73;2021-09-11;12:25:30
14094020;70;73;2021-09-11;12:25:54
14094020;70;73;2021-09-11;13:33:08
14094020;70;73;2021-09-11;13:47:50
14094020;70;73;2021-09-11;14:12:53
14094020;70;73;2021-09-11;14:37:36
14094020;70;73;2021-09-11;15:12:12
14094020;70;73;2021-09-11;16:22:48
14094020;70;73;2021-09-11;16:25:05
14094020;70;73;2021-09-11;17:22:19
14094020;70;73;2021-09-11;17:25:27
14007040;80;224;2021-09-11;12:06:26
14058010;80;152;2021-09-11;17:29:36
14055040;80;150;2021-09-11;12:52:40
14019090;80;144;2021-09-11;17:43:56
14086030;80;143;2021-09-11;13:05:37
14041020;80;136;2021-09-11;17:40:35
14013070;80;135;2021-09-11;15:12:49
14059020;80;135;2021-09-11;13:33:02
14087020;80;135;2021-09-11;09:49:44
14013050;80;132;2021-09-11;14:45:29
14019050;80;131;2021-09-11;10:08:22
14019050;80;129;2021-09-11;16:14:06
14046005;80;129;2021-09-11;07:44:31
14028026;80;128;2021-09-11;07:36:43
14087020;80;127;2021-09-11;15:38:56
14006060;80;126;2021-09-11;07:18:15
14013060;80;126;2021-09-11;07:18:02
14013080;80;126;2021-09-11;15:04:11
14050008;80;125;2021-09-11;15:17:34
14063040;80;123;2021-09-11;10:21:25
14017010;80;122;2021-09-11;15:59:40
14017020;80;122;2021-09-11;15:52:28
14050006;80;122;2021-09-11;17:41:06
14041020;80;121;2021-09-11;11:31:50
14050008;80;121;2021-09-11;15:17:20
14013080;80;120;2021-09-11;14:42:10
14050008;80;120;2021-09-11;15:17:21
14086020;80;119;2021-09-11;11:23:44
14086040;80;119;2021-09-11;12:43:39
14002090;80;118;2021-09-11;16:30:21
14013060;80;117;2021-09-11;15:10:49
14028028;80;117;2021-09-11;12:20:50
14041030;80;117;2021-09-11;11:33:16
14059010;80;117;2021-09-11;10:27:35
14087010;80;117;2021-09-11;15:27:59
14002010;80;116;2021-09-11;16:38:49
14006050;80;116;2021-09-11;17:28:29
14007070;80;116;2021-09-11;10:45:43
14024030;80;116;2021-09-11;17:47:45
14041040;80;116;2021-09-11;17:38:19
14068020;80;116;2021-09-11;11:51:39
14050020;80;115;2021-09-11;15:15:52
14087010;80;115;2021-09-11;09:22:37
14019050;80;114;2021-09-11;15:20:41
14028040;80;114;2021-09-11;12:18:50
14050020;80;114;2021-09-11;15:15:49
14059030;80;114;2021-09-11;10:23:52
14007070;80;113;2021-09-11;12:22:09
14007100;80;113;2021-09-11;12:25:23
14019080;80;113;2021-09-11;15:23:23
14028024;80;113;2021-09-11;12:04:40
14028026;80;113;2021-09-11;12:42:07
14017020;80;112;2021-09-11;16:20:09
14032040;80;112;2021-09-11;17:16:23
14041030;80;112;2021-09-11;16:27:53
14050020;80;112;2021-09-11;15:15:49
14058030;80;112;2021-09-11;13:39:15
14086030;80;109;2021-09-11;15:56:28
14013060;80;107;2021-09-11;14:38:02
14006150;80;102;2021-09-11;09:38:43
14069040;80;102;2021-09-11;17:38:07
14006130;80;99;2021-09-11;11:38:23
14006130;80;97;2021-09-11;11:38:22
14089050;80;96;2021-09-11;13:56:41
14002080;80;95;2021-09-11;08:56:35
14007016;80;95;2021-09-11;11:56:27
14028030;80;95;2021-09-11;07:38:17
14050020;80;95;2021-09-11;15:16:08
14087020;80;93;2021-09-11;17:56:15
14006140;80;92;2021-09-11;15:38:25
14007014;80;92;2021-09-11;16:16:33
14011020;80;92;2021-09-11;12:56:40
14090040;80;92;2021-09-11;14:56:31
14028028;80;91;2021-09-11;14:38:44
14087010;80;91;2021-09-11;11:56:42
14028028;80;90;2021-09-11;13:16:50
14028028;80;89;2021-09-11;13:16:08
14092010;80;89;2021-09-11;13:56:50
14045040;80;88;2021-09-11;07:56:06
14084020;80;88;2021-09-11;16:16:08
14007015;80;87;2021-09-11;12:16:50
14017010;80;87;2021-09-11;13:38:56
14028040;80;87;2021-09-11;11:38:09
14006140;80;86;2021-09-11;11:56:35
14007020;80;86;2021-09-11;07:38:19
14008030;80;86;2021-09-11;14:38:38
14011010;80;86;2021-09-11;15:38:07
14019090;80;86;2021-09-11;09:38:34
14028022;80;86;2021-09-11;17:16:31
14069040;80;86;2021-09-11;14:16:11
14082010;80;86;2021-09-11;12:56:57
14007040;80;85;2021-09-11;17:16:22
14011010;80;85;2021-09-11;12:16:29
14058020;80;85;2021-09-11;17:38:59
14061030;80;85;2021-09-11;09:56:50
14006140;80;84;2021-09-11;09:16:25
14006140;80;84;2021-09-11;14:56:12
14007040;80;84;2021-09-11;17:38:48
14024040;80;84;2021-09-11;15:16:31
14058040;80;84;2021-09-11;12:38:04
14068010;80;84;2021-09-11;14:16:47
14068010;80;84;2021-09-11;14:16:47
14087040;80;84;2021-09-11;13:38:11
14097010;80;84;2021-09-11;17:16:42
14002030;80;83;2021-09-11;10:56:02
14007015;80;83;2021-09-11;17:56:18
14007030;80;83;2021-09-11;08:56:22
14008030;80;83;2021-09-11;15:38:50
14013060;80;83;2021-09-11;08:56:17
14017070;80;83;2021-09-11;17:16:31
14019100;80;83;2021-09-11;15:38:29
14024040;80;83;2021-09-11;09:56:07
14034010;80;83;2021-09-11;09:56:04
14045040;80;83;2021-09-11;13:56:51
14046020;80;83;2021-09-11;14:38:45
14050008;80;83;2021-09-11;11:38:49
14085030;80;83;2021-09-11;16:38:54
14086020;80;83;2021-09-11;15:38:19
14002020;80;80;2021-09-11;10:12:02
14006060;80;80;2021-09-11;13:12:00
14006130;80;80;2021-09-11;16:03:13
14006140;80;80;2021-09-11;14:12:04
14006160;80;80;2021-09-11;10:03:27
14007015;80;80;2021-09-11;11:12:45
14007016;80;80;2021-09-11;15:04:47
14007020;80;80;2021-09-11;12:12:37
14007020;80;80;2021-09-11;13:03:26
14007020;80;80;2021-09-11;17:03:32
14007020;80;80;2021-09-11;17:04:45
14007040;80;80;2021-09-11;08:12:07
14007040;80;80;2021-09-11;11:03:38
14007070;80;80;2021-09-11;17:04:41
14007080;80;80;2021-09-11;07:04:02
14007100;80;80;2021-09-11;07:04:59
14011010;80;80;2021-09-11;13:12:29
14011020;80;80;2021-09-11;15:04:51
14013010;80;80;2021-09-11;12:04:09
14013010;80;80;2021-09-11;14:03:48
14013050;80;80;2021-09-11;10:03:36
14013050;80;80;2021-09-11;16:03:47
14013050;80;80;2021-09-11;16:12:19
14013060;80;80;2021-09-11;12:03:52
14013060;80;80;2021-09-11;13:12:50
14013070;80;80;2021-09-11;12:04:18
14013080;80;80;2021-09-11;16:12:14
14016040;80;80;2021-09-11;13:12:17
14016040;80;80;2021-09-11;14:03:43
14017020;80;80;2021-09-11;09:04:19
14017020;80;80;2021-09-11;11:03:20
14017030;80;80;2021-09-11;08:04:48
14017030;80;80;2021-09-11;12:12:47
14017040;80;80;2021-09-11;17:03:34
14019090;80;80;2021-09-11;14:03:59
14019100;80;80;2021-09-11;17:04:35
14025030;80;80;2021-09-11;13:04:44
14028024;80;80;2021-09-11;11:04:37
14028024;80;80;2021-09-11;14:04:09
14028024;80;80;2021-09-11;14:04:10
14028026;80;80;2021-09-11;12:12:32
14028026;80;80;2021-09-11;13:12:06
14028040;80;80;2021-09-11;09:03:02
14028040;80;80;2021-09-11;09:03:03
14028040;80;80;2021-09-11;10:03:47
14034010;80;80;2021-09-11;17:12:20
14035020;80;80;2021-09-11;11:12:50
14036030;80;80;2021-09-11;17:03:51
14036040;80;80;2021-09-11;12:03:30
14040010;80;80;2021-09-11;11:03:04
14041020;80;80;2021-09-11;10:04:37
14041020;80;80;2021-09-11;13:03:17
14051040;80;80;2021-09-11;17:04:51
14059020;80;80;2021-09-11;12:12:47
14060020;80;80;2021-09-11;15:04:43
14060030;80;80;2021-09-11;10:04:53
14061020;80;80;2021-09-11;07:12:47
14067040;80;80;2021-09-11;14:03:43
14068020;80;80;2021-09-11;10:04:34
14068020;80;80;2021-09-11;12:04:02
14083010;80;80;2021-09-11;09:04:28
14083010;80;80;2021-09-11;11:03:30
14083020;80;80;2021-09-11;13:12:12
14084040;80;80;2021-09-11;10:03:55
14084040;80;80;2021-09-11;11:04:26
14086040;80;80;2021-09-11;16:12:23
14087010;80;80;2021-09-11;15:03:28
14087030;80;80;2021-09-11;07:12:58
14087030;80;80;2021-09-11;07:12:59
14089050;80;80;2021-09-11;17:04:01
14090010;80;80;2021-09-11;16:04:50
14096020;80;80;2021-09-11;09:12:26
14002020;80;60;2021-09-11;09:04:36
14002030;80;60;2021-09-11;16:12:10
14002040;80;60;2021-09-11;13:03:35
14002070;80;60;2021-09-11;15:03:57
14002070;80;60;2021-09-11;17:03:17
14002090;80;60;2021-09-11;13:12:35
14002100;80;60;2021-09-11;13:03:46
14006030;80;60;2021-09-11;09:04:37
14006030;80;60;2021-09-11;10:04:09
14006030;80;60;2021-09-11;11:04:39
14006140;80;60;2021-09-11;08:04:22
14006160;80;60;2021-09-11;16:12:39
14007014;80;60;2021-09-11;10:12:46
14007014;80;60;2021-09-11;13:12:15
14007014;80;60;2021-09-11;16:12:23
14007016;80;60;2021-09-11;11:04:55
14007016;80;60;2021-09-11;12:12:38
14007016;80;60;2021-09-11;14:12:10
14007016;80;60;2021-09-11;16:12:57
14007020;80;60;2021-09-11;12:12:20
14007020;80;60;2021-09-11;15:03:57
14007030;80;60;2021-09-11;11:04:09
14007070;80;60;2021-09-11;08:12:19
14007080;80;60;2021-09-11;09:03:55
14007100;80;60;2021-09-11;14:03:17
14008040;80;60;2021-09-11;07:04:29
14008040;80;60;2021-09-11;13:03:50
14008040;80;60;2021-09-11;13:04:19
14011020;80;60;2021-09-11;16:03:31
14013010;80;60;2021-09-11;15:03:44
14013010;80;60;2021-09-11;17:03:05
14013020;80;60;2021-09-11;11:03:37
14013020;80;60;2021-09-11;11:03:44
14013020;80;60;2021-09-11;14:03:42
14013060;80;60;2021-09-11;10:04:45
14013070;80;60;2021-09-11;11:12:48
14016030;80;60;2021-09-11;08:12:51
14016030;80;60;2021-09-11;17:03:44
14016040;80;60;2021-09-11;17:12:42
14016050;80;60;2021-09-11;10:04:36
14017020;80;60;2021-09-11;07:12:47
14017030;80;60;2021-09-11;10:12:17
14017070;80;60;2021-09-11;14:03:05
14017070;80;60;2021-09-11;15:03:14
14019050;80;60;2021-09-11;12:12:56
14019050;80;60;2021-09-11;16:04:07
14019080;80;60;2021-09-11;11:03:05
14019080;80;60;2021-09-11;12:03:13
14019080;80;60;2021-09-11;14:04:14
14019100;80;60;2021-09-11;11:04:35
14019100;80;60;2021-09-11;14:04:12
14024030;80;60;2021-09-11;10:12:43
14024030;80;60;2021-09-11;13:12:31
14024050;80;60;2021-09-11;08:03:53
14024050;80;60;2021-09-11;08:03:53
14024050;80;60;2021-09-11;09:12:05
14024050;80;60;2021-09-11;13:03:01
14024050;80;60;2021-09-11;16:04:01
14025010;80;60;2021-09-11;11:03:56
14025010;80;60;2021-09-11;11:12:31
14025010;80;60;2021-09-11;12:03:23
14025010;80;60;2021-09-11;12:12:36
14025020;80;60;2021-09-11;12:03:14
14025020;80;60;2021-09-11;17:03:54
14025030;80;60;2021-09-11;12:04:03
14025030;80;60;2021-09-11;13:03:20
14025030;80;60;2021-09-11;16:12:32
14025030;80;60;2021-09-11;16:12:40
14025030;80;60;2021-09-11;16:12:46
14025040;80;60;2021-09-11;14:03:25
14025040;80;60;2021-09-11;16:12:13
14028010;80;60;2021-09-11;12:04:30
14028020;80;60;2021-09-11;10:04:11
14028030;80;60;2021-09-11;14:04:22
14032030;80;60;2021-09-11;12:03:00
14032030;80;60;2021-09-11;17:04:52
14032030;80;60;2021-09-11;17:12:52
14034020;80;60;2021-09-11;13:12:12
14035020;80;60;2021-09-11;17:12:54
14035030;80;60;2021-09-11;13:03:20
14036030;80;60;2021-09-11;15:04:17
14036050;80;60;2021-09-11;12:03:31
14036050;80;60;2021-09-11;16:12:17
14036060;80;60;2021-09-11;08:04:06
14040010;80;60;2021-09-11;09:04:18
14040020;80;60;2021-09-11;09:12:21
14040020;80;60;2021-09-11;13:03:43
14040020;80;60;2021-09-11;15:03:08
14040020;80;60;2021-09-11;15:03:27
14040020;80;60;2021-09-11;16:04:25
14041020;80;60;2021-09-11;15:04:10
14041040;80;60;2021-09-11;13:12:15
14041040;80;60;2021-09-11;14:04:48
14045020;80;60;2021-09-11;17:04:13
14045040;80;60;2021-09-11;09:12:40
14045040;80;60;2021-09-11;09:12:41
14046010;80;60;2021-09-11;10:03:04
14046010;80;60;2021-09-11;10:03:08
14046020;80;60;2021-09-11;09:03:06
14046020;80;60;2021-09-11;12:04:37
14050004;80;60;2021-09-11;15:04:48
14055030;80;60;2021-09-11;12:04:59
14058020;80;60;2021-09-11;17:03:08
14060020;80;60;2021-09-11;12:12:07
14060040;80;60;2021-09-11;10:12:44
14061040;80;60;2021-09-11;11:03:04
14061040;80;60;2021-09-11;17:03:40
14062010;80;60;2021-09-11;09:04:51
14062010;80;60;2021-09-11;12:12:16
14062010;80;60;2021-09-11;14:03:58
14062010;80;60;2021-09-11;14:04:27
14062010;80;60;2021-09-11;16:04:41
14062010;80;60;2021-09-11;16:04:58
14062020;80;60;2021-09-11;12:12:22
14062020;80;60;2021-09-11;12:12:44
14062020;80;60;2021-09-11;13:03:26
14062020;80;60;2021-09-11;13:03:28
14062020;80;60;2021-09-11;15:12:49
14062020;80;60;2021-09-11;16:12:06
14063020;80;60;2021-09-11;10:12:36
14063020;80;60;2021-09-11;14:04:21
14063020;80;60;2021-09-11;17:12:57
14063030;80;60;2021-09-11;11:03:56
14067030;80;60;2021-09-11;10:12:34
14067030;80;60;2021-09-11;13:04:26
14070010;80;60;2021-09-11;09:12:11
14070010;80;60;2021-09-11;09:12:11
14070010;80;60;2021-09-11;09:12:17
14070020;80;60;2021-09-11;08:04:45
14070020;80;60;2021-09-11;08:04:45
14070020;80;60;2021-09-11;09:03:48
14070020;80;60;2021-09-11;09:03:51
14070020;80;60;2021-09-11;11:03:50
14070020;80;60;2021-09-11;14:04:48
14070020;80;60;2021-09-11;15:12:44
14070020;80;60;2021-09-11;15:12:50
14070020;80;60;2021-09-11;16:04:42
14079030;80;60;2021-09-11;15:04:28
14079040;80;60;2021-09-11;11:12:57
14079040;80;60;2021-09-11;13:03:58
14083010;80;60;2021-09-11;09:03:59
14083010;80;60;2021-09-11;10:12:24
14083010;80;60;2021-09-11;11:04:26
14083010;80;60;2021-09-11;12:04:35
14083010;80;60;2021-09-11;12:04:48
14083010;80;60;2021-09-11;14:04:40
14083010;80;60;2021-09-11;14:12:25
14083010;80;60;2021-09-11;15:12:46
14083010;80;60;2021-09-11;16:12:12
14083010;80;60;2021-09-11;17:04:28
14083020;80;60;2021-09-11;12:12:01
14083020;80;60;2021-09-11;13:12:35
14083020;80;60;2021-09-11;16:03:08
14083020;80;60;2021-09-11;16:03:09
14084020;80;60;2021-09-11;11:12:07
14084040;80;60;2021-09-11;16:04:45
14085020;80;60;2021-09-11;12:12:07
14085030;80;60;2021-09-11;17:03:28
14087040;80;60;2021-09-11;13:04:05
14089030;80;60;2021-09-11;10:03:30
14089040;80;60;2021-09-11;12:03:47
14089040;80;60;2021-09-11;16:04:11
14089060;80;60;2021-09-11;12:12:09
14089060;80;60;2021-09-11;12:12:21
14089060;80;60;2021-09-11;15:04:44
14090010;80;60;2021-09-11;11:12:22
14090010;80;60;2021-09-11;12:04:19
14090030;80;60;2021-09-11;14:04:51
14090040;80;60;2021-09-11;12:04:40
14092050;80;60;2021-09-11;09:03:01
14099010;80;60;2021-09-11;09:03:54
14002040;80;55;2021-09-11;10:12:24
14002040;80;55;2021-09-11;10:12:31
14002040;80;55;2021-09-11;16:04:55
14002080;80;55;2021-09-11;12:12:23
14006030;80;55;2021-09-11;15:12:18
14007016;80;55;2021-09-11;08:04:07
14007016;80;55;2021-09-11;14:03:25
14011010;80;55;2021-09-11;16:12:31
14013010;80;55;2021-09-11;12:03:36
14013020;80;55;2021-09-11;08:04:58
14013020;80;55;2021-09-11;12:04:02
14013020;80;55;2021-09-11;17:04:42
14013070;80;55;2021-09-11;15:12:46
14016030;80;55;2021-09-11;14:12:43
14016050;80;55;2021-09-11;08:12:38
14016050;80;55;2021-09-11;15:03:08
14019050;80;55;2021-09-11;15:12:53
14019080;80;55;2021-09-11;16:04:19
14024050;80;55;2021-09-11;15:03:29
14024050;80;55;2021-09-11;15:03:29
14025010;80;55;2021-09-11;11:12:29
14025010;80;55;2021-09-11;11:12:57
14025010;80;55;2021-09-11;12:12:20
14025010;80;55;2021-09-11;12:12:56
14025010;80;55;2021-09-11;12:12:58
14025010;80;55;2021-09-11;13:03:07
14025040;80;55;2021-09-11;12:04:04
14028010;80;55;2021-09-11;10:03:31
14028010;80;55;2021-09-11;14:04:20
14028010;80;55;2021-09-11;16:03:29
14028010;80;55;2021-09-11;16:04:49
14028030;80;55;2021-09-11;14:04:19
14032030;80;55;2021-09-11;09:03:39
14032040;80;55;2021-09-11;09:04:59
14034020;80;55;2021-09-11;12:04:17
14034040;80;55;2021-09-11;16:04:48
14035010;80;55;2021-09-11;08:03:50
14035010;80;55;2021-09-11;17:12:05
14036030;80;55;2021-09-11;16:03:42
14036030;80;55;2021-09-11;16:12:37
14040010;80;55;2021-09-11;10:04:46
14040010;80;55;2021-09-11;14:12:11
14040010;80;55;2021-09-11;16:04:38
14040010;80;55;2021-09-11;17:12:11
14040020;80;55;2021-09-11;15:12:24
14050004;80;55;2021-09-11;09:12:30
14050004;80;55;2021-09-11;09:12:31
14050010;80;55;2021-09-11;13:04:20
14051023;80;55;2021-09-11;11:04:15
14051030;80;55;2021-09-11;12:12:08
14055040;80;55;2021-09-11;14:04:49
14059030;80;55;2021-09-11;16:04:20
14061030;80;55;2021-09-11;12:03:04
14062010;80;55;2021-09-11;14:04:35
14062010;80;55;2021-09-11;17:03:06
14063020;80;55;2021-09-11;12:04:13
14069040;80;55;2021-09-11;12:12:41
14082030;80;55;2021-09-11;12:03:15
14083010;80;55;2021-09-11;17:04:39
14083010;80;55;2021-09-11;17:12:00
14089040;80;55;2021-09-11;09:04:14
14089040;80;55;2021-09-11;13:12:57
14089050;80;55;2021-09-11;10:03:58
14089050;80;55;2021-09-11;12:12:20
14092010;80;55;2021-09-11;09:12:34
14092060;80;55;2021-09-11;16:04:46
14002010;80;50;2021-09-11;10:03:23
14002030;80;50;2021-09-11;13:04:00
14002030;80;50;2021-09-11;13:04:06
14002030;80;50;2021-09-11;13:04:07
14002080;80;50;2021-09-11;16:12:25
14002100;80;50;2021-09-11;13:04:48
14007016;80;50;2021-09-11;09:03:17
14013080;80;50;2021-09-11;11:04:36
14016030;80;50;2021-09-11;16:12:08
14016050;80;50;2021-09-11;12:04:48
14016050;80;50;2021-09-11;13:03:22
14016050;80;50;2021-09-11;17:12:56
14019070;80;50;2021-09-11;08:04:50
14019070;80;50;2021-09-11;15:12:44
14025010;80;50;2021-09-11;15:03:02
14025020;80;50;2021-09-11;11:12:15
14028010;80;50;2021-09-11;12:12:46
14028010;80;50;2021-09-11;15:04:12
14028010;80;50;2021-09-11;16:03:38
14028010;80;50;2021-09-11;16:03:40
14032030;80;50;2021-09-11;17:12:39
14034020;80;50;2021-09-11;09:04:47
14034020;80;50;2021-09-11;12:04:32
14036030;80;50;2021-09-11;17:04:18
14036040;80;50;2021-09-11;16:12:25
14040010;80;50;2021-09-11;15:04:42
14040010;80;50;2021-09-11;17:03:49
14040020;80;50;2021-09-11;16:03:02
14041010;80;50;2021-09-11;15:04:02
14046010;80;50;2021-09-11;16:04:01
14051023;80;50;2021-09-11;11:04:18
14055020;80;50;2021-09-11;11:03:22
14061040;80;50;2021-09-11;15:12:59
14062020;80;50;2021-09-11;13:03:11
14082040;80;50;2021-09-11;13:04:05
14083010;80;50;2021-09-11;11:04:18
14086020;80;50;2021-09-11;16:03:42
14089040;80;50;2021-09-11;14:12:48
14089050;80;50;2021-09-11;10:04:01
14089050;80;50;2021-09-11;10:04:02
14092010;80;50;2021-09-11;12:04:28
14092010;80;50;2021-09-11;16:12:35
14092020;80;50;2021-09-11;15:12:56
14097020;80;50;2021-09-11;13:12:38
14054010;90;157;2021-09-11;11:14:38
14064040;90;131;2021-09-11;17:50:41
14031030;90;129;2021-09-11;16:06:04
14064060;90;129;2021-09-11;17:48:46
14064060;90;122;2021-09-11;11:36:29
14054020;90;120;2021-09-11;12:55:42
14064040;90;120;2021-09-11;11:38:29
14054010;90;117;2021-09-11;10:07:07
14054010;90;117;2021-09-11;10:42:26
14054040;90;117;2021-09-11;10:40:36
14064050;90;114;2021-09-11;13:54:56
14054030;90;110;2021-09-11;16:02:53
14031030;90;107;2021-09-11;09:58:31
14054010;90;107;2021-09-11;11:57:29
14064010;90;107;2021-09-11;13:32:46
14064030;90;107;2021-09-11;15:06:23
14054010;90;105;2021-09-11;11:33:51
14054030;90;105;2021-09-11;13:39:54
14054010;90;103;2021-09-11;13:36:47
14054030;90;103;2021-09-11;14:00:25
14054040;90;103;2021-09-11;17:17:15
14064040;90;103;2021-09-11;16:15:26
14030070;90;101;2021-09-11;14:24:37
14054010;90;101;2021-09-11;07:15:20
14054040;90;101;2021-09-11;11:54:46
14064020;90;101;2021-09-11;16:18:11
14064050;90;101;2021-09-11;17:58:06
14054030;90;99;2021-09-11;15:07:37
14054040;90;99;2021-09-11;10:34:43
14064040;90;99;2021-09-11;17:48:53
14031030;90;97;2021-09-11;13:44:32
14054040;90;97;2021-09-11;13:55:23
14064020;90;97;2021-09-11;17:57:28
14054020;90;95;2021-09-11;11:53:35
14054020;90;95;2021-09-11;13:26:41
14064020;90;95;2021-09-11;10:28:30
14064030;90;95;2021-09-11;16:53:08
14064040;90;95;2021-09-11;09:46:09
14064040;90;95;2021-09-11;17:23:54
14064050;90;95;2021-09-11;15:33:14
14030060;90;90;2021-09-11;17:34:02
14030070;90;90;2021-09-11;08:34:29
14054010;90;90;2021-09-11;14:34:33
14030070;90;80;2021-09-11;14:34:27
14030070;90;80;2021-09-11;14:34:30
14031030;90;80;2021-09-11;12:34:32
14054010;90;80;2021-09-11;11:01:17
14054010;90;80;2021-09-11;17:01:59
14054020;90;80;2021-09-11;15:01:44
14054020;90;80;2021-09-11;16:34:51
14054040;90;80;2021-09-11;14:01:23
14054040;90;80;2021-09-11;17:01:33
14064010;90;80;2021-09-11;12:01:21
14064010;90;80;2021-09-11;12:01:34
14064020;90;80;2021-09-11;10:01:52
14064020;90;80;2021-09-11;12:01:11
14064020;90;80;2021-09-11;13:34:54
14064030;90;80;2021-09-11;10:34:55
14064030;90;80;2021-09-11;10:34:55
14064030;90;80;2021-09-11;10:34:59
14064030;90;80;2021-09-11;14:01:16
14064030;90;80;2021-09-11;14:34:58
14064030;90;80;2021-09-11;17:01:11
14064040;90;80;2021-09-11;13:34:31
14064040;90;80;2021-09-11;15:01:57
14064040;90;80;2021-09-11;15:34:16
14064050;90;80;2021-09-11;07:01:57
14064050;90;80;2021-09-11;11:34:16
14064050;90;80;2021-09-11;12:01:23
14064050;90;80;2021-09-11;12:01:28
14064050;90;80;2021-09-11;13:01:15
14064050;90;80;2021-09-11;13:01:16
14064060;90;80;2021-09-11;08:34:31
14064060;90;80;2021-09-11;12:34:11
14064060;90;80;2021-09-11;13:34:16
14064060;90;80;2021-09-11;14:34:56
14064060;90;80;2021-09-11;14:34:57
14064060;90;80;2021-09-11;15:34:17
14064060;90;80;2021-09-11;16:34:14
14030060;90;70;2021-09-11;09:01:11
14030060;90;70;2021-09-11;12:01:24
14030060;90;70;2021-09-11;16:34:03
14030070;90;70;2021-09-11;14:01:22
14054030;90;70;2021-09-11;10:01:45
14054030;90;70;2021-09-11;11:34:52
14064030;90;70;2021-09-11;12:01:24
14064060;90;70;2021-09-11;10:01:32
14064060;90;70;2021-09-11;11:34:09
14030060;90;60;2021-09-11;12:01:27
14030060;90;60;2021-09-11;16:34:05
14030070;90;60;2021-09-11;14:01:33
14031030;90;60;2021-09-11;12:34:50
14030070;90;50;2021-09-11;14:34:34
14031030;90;30;2021-09-11;13:01:05